{
  "meta": {
    "domain": "http://ykob.github.io/sketch-threejs",
    "websiteName": "sketch of three.js",
    "keywords": "Yoichi Kobayashi, WebGL, three.js"
  },
  "pages": {
    "index": {
      "title": "",
      "id": "index",
      "description": "interactive sketches made with three.js. created by yoichi kobayashi.",
      "path": "/",
      "color": "white"
    },
    "water": {
      "title": "water",
      "id": "water",
      "description": "Distort the scene with the water surface normal map.",
      "path": "/sketch/water.html",
      "posted": "2021.5.9",
      "update": "",
      "color": "black",
      "assets": [
        {
          "name": "Ocean Textures",
          "link": "https://www.cgtrader.com/3d-model-collections/ocean-8k"
        }
      ]
    },
    "glass": {
      "title": "glass",
      "id": "glass",
      "description": "I made an object that has refraction of light like glass. It's distorting the frame buffer of the landscape with normals.",
      "path": "/sketch/glass.html",
      "posted": "2021.4.24",
      "update": "",
      "color": "white",
      "assets": [
        {
          "name": "Stone Texture",
          "link": "https://cc0textures.com/view?id=Marble012"
        },
        {
          "name": "HDRI Image",
          "link": "https://hdrihaven.com/hdri/?c=skies&h=table_mountain_1"
        }
      ]
    },
    "fire_ball_2": {
      "title": "fire ball 2",
      "id": "fire_ball_2",
      "description": "Learning how to use SkinnedMesh, Skeleton, and Bone by creating a fireball tail.",
      "path": "/sketch/fire_ball_2.html",
      "posted": "2021.1.3",
      "update": "",
      "color": "white"
    },
    "flow_field_5": {
      "title": "flow field 5",
      "id": "flow_field_5",
      "description": "A bundle of light moved by the gravitational pull of the core and the force of the flow field.",
      "path": "/sketch/flow_field_5.html",
      "posted": "2020.11.25",
      "update": "",
      "color": "white"
    },
    "flow_field_4": {
      "title": "flow field 4",
      "id": "flow_field_4",
      "description": "Particles that have a trail. It consists of two Instanced Meshes.",
      "path": "/sketch/flow_field_4.html",
      "posted": "2020.11.12",
      "update": "",
      "color": "white"
    },
    "flow_field_3": {
      "title": "flow field 3",
      "id": "flow_field_3",
      "description": "made the codes with Geometry Instancing, and move these with GPGPU and Hooke's law.",
      "path": "/sketch/flow_field_3.html",
      "posted": "2020.11.5",
      "update": "",
      "color": "white"
    },
    "flow_field_2": {
      "title": "flow field 2",
      "id": "flow_field_2",
      "description": "made the cones with Geometry Instancing, and move these with GPGPU and simple physics calculation.",
      "path": "/sketch/flow_field_2.html",
      "posted": "2020.10.29",
      "update": "",
      "color": "white"
    },
    "flow_field": {
      "title": "flow field",
      "id": "flow_field",
      "description": "the simple 3D flow field made with a noise texture and GPGPU.",
      "path": "/sketch/flow_field.html",
      "posted": "2020.10.23",
      "update": "",
      "color": "white"
    },
    "skull": {
      "title": "skull",
      "id": "skull",
      "description": "It's ONIBI. I made it with only a noise texture and a skull head model.",
      "path": "/sketch/skull.html",
      "posted": "2019.11.18",
      "update": "",
      "color": "white"
    },
    "aura": {
      "title": "aura",
      "id": "aura",
      "description": "Drawing the aura along the outline of any meshes.",
      "path": "/sketch/aura.html",
      "posted": "2019.11.8",
      "update": "",
      "color": "white"
    },
    "shadow": {
      "title": "shadow",
      "id": "shadow",
      "description": "I never tried primary Depth Buffer Shadow, but I tried it finally.",
      "path": "/sketch/shadow.html",
      "posted": "2019.10.x",
      "update": "",
      "color": "white"
    },
    "splash": {
      "title": "splash",
      "id": "splash",
      "description": "Move the particles with only the texture so that they look like splashes.",
      "path": "/sketch/splash.html",
      "posted": "2019.10.7",
      "update": "2019.10.31",
      "color": "white"
    },
    "burn": {
      "title": "burn",
      "id": "burn",
      "description": "made an image transition function with an effect seems like a paper is burning.",
      "path": "/sketch/burn.html",
      "posted": "2019.9.8",
      "update": "",
      "color": "white"
    },
    "crystal": {
      "title": "crystal",
      "id": "crystal",
      "description": "make the crystal that has the aura inside of self.",
      "path": "/sketch/crystal.html",
      "posted": "2019.6.23",
      "update": "2019.6.29",
      "color": "white"
    },
    "node": {
      "title": "node",
      "id": "node",
      "description": "It is the first step of Interactive Coding.",
      "path": "/sketch/node.html",
      "posted": "2019.5.26",
      "update": "",
      "color": "black"
    },
    "sun": {
      "title": "sun",
      "id": "sun",
      "description": "Creating the sun using some textures. It isn't depending on the Noise calculation.",
      "path": "/sketch/sun.html",
      "posted": "2019.4.6",
      "update": "",
      "color": "white"
    },
    "easyGlitch": {
      "title": "easy glitch",
      "id": "easy_glitch",
      "description": "It attaches a simple glitch effect with only using a noise image and adjusting texCoord.",
      "path": "/sketch/easy_glitch.html",
      "posted": "2019.4.2",
      "update": "",
      "color": "white"
    },
    "dissolve": {
      "title": "dissolve",
      "id": "dissolve",
      "description": "It attaches the dissolve effect made with Noise calculation and UV animation to the simple slideshow.",
      "path": "/sketch/dissolve.html",
      "posted": "2019.3.25",
      "update": "",
      "color": "white"
    },
    "dna": {
      "title": "dna",
      "id": "dna",
      "description": "drawing DNA Helix with particles only.",
      "path": "/sketch/dna.html",
      "posted": "2019.1.10",
      "update": "",
      "color": "white"
    },
    "newyear2019": {
      "title": "New Year 2019",
      "id": "newyear2019",
      "description": "I hope you will have a great year!",
      "path": "/sketch/newyear2019.html",
      "posted": "2019.1.1",
      "update": "",
      "color": "white"
    },
    "buddha": {
      "title": "buddha",
      "id": "buddha",
      "description": "It's the study to draw metallic color and to attach Godray effect.",
      "path": "/sketch/buddha.html",
      "posted": "2018.10.7",
      "update": "2018.12.2",
      "color": "white"
    },
    "planet": {
      "title": "planet",
      "id": "planet",
      "description": "generate a planet object with simplex noise.",
      "path": "/sketch/planet.html",
      "posted": "2018.8.6",
      "update": "2018.9.6",
      "color": "black"
    },
    "land": {
      "title": "land",
      "id": "land",
      "description": "generate a landscape object with simplex noise.",
      "path": "/sketch/land.html",
      "posted": "2018.8.2",
      "update": "",
      "color": "black"
    },
    "webcam": {
      "title": "webcam",
      "id": "webcam",
      "description": "Make a video texture in WebGL with an image from a webcam, and process it using the face tracking and calculating acceleration.",
      "path": "/sketch/webcam.html",
      "posted": "2018.5.29",
      "update": "2018.10.7",
      "color": "black"
    },
    "fog": {
      "title": "fog",
      "id": "fog",
      "description": "make fog with one texture and Geometry instancing.",
      "path": "/sketch/fog.html",
      "posted": "2018.2.1",
      "update": "2018.2.4",
      "color": "white"
    },
    "nodeText": {
      "title": "node text",
      "id": "node_text",
      "description": "transform the node that is made with Points and Wireframe",
      "path": "/sketch/node_text.html",
      "posted": "2018.1.29",
      "update": "2018.2.1",
      "color": "white"
    },
    "repel": {
      "title": "repel",
      "id": "repel",
      "description": "Convert the mousemove position to the 3d scene position.",
      "path": "/sketch/repel.html",
      "posted": "2018.1.26",
      "update": "",
      "color": "black"
    },
    "flame": {
      "title": "flame",
      "id": "flame",
      "description": "draw a flame with the Simplex Noise and a cylinder geometry.",
      "path": "/sketch/flame.html",
      "posted": "2018.1.18",
      "update": "",
      "color": "white"
    },
    "cyberspace": {
      "title": "cyberspace",
      "id": "cyberspace",
      "description": "cyberspace made with various simple objects.",
      "path": "/sketch/cyberspace.html",
      "posted": "2018.1.1",
      "update": "2018.1.3",
      "color": "white"
    },
    "beam": {
      "title": "beam",
      "id": "beam",
      "description": "beam effect made with uv animation.",
      "path": "/sketch/beam.html",
      "posted": "2017.12.9",
      "update": "",
      "color": "white"
    },
    "blink": {
      "title": "blink",
      "id": "blink",
      "description": "scale points with simplex noise.",
      "path": "/sketch/blink.html",
      "posted": "2017.11.19",
      "update": "",
      "color": "black"
    },
    "transform": {
      "title": "transform",
      "id": "transform",
      "description": "transform 3d object from butterfly to image with easing function.",
      "path": "/sketch/transform.html",
      "posted": "2017.9.18",
      "update": "",
      "color": "black"
    },
    "egg": {
      "title": "egg",
      "id": "egg",
      "description": "drawing inside of egg with only fragment shader.",
      "path": "/sketch/egg.html",
      "posted": "2017.9.7",
      "update": "",
      "color": "black"
    },
    "butterfly": {
      "title": "butterfly",
      "id": "butterfly",
      "description": "express butterfly flapping with plane geometry and trigonometric function.",
      "path": "/sketch/butterfly.html",
      "posted": "2017.9.6",
      "update": "2017.9.18",
      "color": "black"
    },
    "puddle": {
      "title": "puddle",
      "id": "puddle",
      "description": "drawing puddle with fragment shader only.",
      "path": "/sketch/puddle.html",
      "posted": "2017.7.2",
      "update": "",
      "color": "black"
    },
    "reel": {
      "title": "reel",
      "id": "reel",
      "description": "pick instance objects and add hover effects.",
      "path": "/sketch/reel.html",
      "posted": "2017.5.28",
      "update": "2017.6.26",
      "color": "black"
    },
    "glitch": {
      "title": "glitch",
      "id": "glitch",
      "description": "study of some glitch effects.",
      "path": "/sketch/glitch.html",
      "posted": "2017.4.30",
      "update": "2017.5.1",
      "color": "white"
    },
    "instancing": {
      "title": "instancing",
      "id": "instancing",
      "description": "study of Instancing with three.js",
      "path": "/sketch/instancing.html",
      "posted": "2017.4.11",
      "update": "2017.4.18",
      "color": "white"
    },
    "particle": {
      "title": "particle",
      "id": "particle",
      "description": "random walk with Classic noise functions.",
      "path": "/sketch/particle.html",
      "posted": "2017.2.23",
      "update": "2017.4.22",
      "color": "white"
    },
    "attract": {
      "title": "attract",
      "id": "attract",
      "description": "perticle moving with gpgpu.",
      "path": "/sketch/attract.html",
      "posted": "2016.6.13",
      "update": "2017.2.23",
      "color": "white"
    },
    "hole": {
      "title": "hole",
      "id": "hole",
      "description": "study of Post Effect with THREE.WebGLRenderTarget.",
      "path": "/sketch/hole.html",
      "posted": "2016.5.10",
      "update": "2016.7.2",
      "color": "black"
    },
    "metalCube": {
      "title": "metal cube",
      "id": "metal_cube",
      "description": "study of raymarching with three.js.",
      "path": "/sketch/metal_cube.html",
      "posted": "2016.4.21",
      "update": "",
      "color": "black"
    },
    "distort": {
      "title": "distort",
      "id": "distort",
      "description": "distort the sphere with simplex noise.",
      "path": "/sketch/distort.html",
      "posted": "2016.2.23",
      "update": "2021.4.4",
      "color": "black"
    },
    "imageData": {
      "title": "image data",
      "id": "image_data",
      "description": "Points based CanvasRenderingContext2D.getImageData()",
      "path": "/sketch/image_data.html",
      "posted": "2015.12.9",
      "update": "2015.12.12",
      "color": "white"
    },
    "gallery": {
      "title": "gallery",
      "id": "gallery",
      "description": "image gallery on 3d. tested that picked object and moving camera.",
      "path": "/sketch/gallery.html",
      "posted": "2015.12.2",
      "update": "2015.12.9",
      "color": "white"
    },
    "comet": {
      "title": "comet",
      "id": "comet",
      "description": "camera to track the moving points.",
      "path": "/sketch/comet.html",
      "posted": "2015.11.24",
      "update": "2016.1.8",
      "color": "white"
    },
    "hyperSpace": {
      "title": "hyper space",
      "id": "hyper_space",
      "description": "add little change about camera angle and particle controles.",
      "path": "/sketch/hyper_space.html",
      "posted": "2015.11.12",
      "update": "",
      "color": "white"
    },
    "fireBall": {
      "title": "fire ball",
      "id": "fire_ball",
      "description": "test of simple physics and additive blending.",
      "path": "/sketch/fire_ball.html",
      "posted": "2015.11.12",
      "update": "",
      "color": "white"
    }
  }
}
