{
  "meta": {
    "domain": "#",
    "websiteName": "Aparoksha",
    "keywords": "Aparoksha"
  },
  "pages": {
    "index": {
      "title": "",
      "id": "index",
      "description": "interactive sketches made with three.js. created by yoichi kobayashi.",
      "path": "/",
      "color": "white",
      "gallname":"Home"
    },

    "gallery": {
      "title": "C-Fresh",
      "id": "gallery",
      "description": "image gallery on 3d. tested that picked object and moving camera.",
      "path": "/sketch/gallery.html",
      "posted": "2015.12.2",
      "update": "2015.12.9",
      "color": "white",
      "gallname":"Gallery"
    },
    "comet": {
      "title": "C-Fresh",
      "id": "comet",
      "description": "camera to track the moving points.",
      "path": "#",
      "posted": "2015.11.24",
      "update": "2016.1.8",
      "color": "white"
    },
    "hyperSpace": {
      "title": "C-Fresh",
      "id": "hyper_space",
      "description": "add little change about camera angle and particle controles.",
      "path": "#",
      "posted": "2015.11.12",
      "update": "",
      "color": "white"
    },
    "fireBall": {
      "title": "C-Fresh",
      "id": "fire_ball",
      "description": "test of simple physics and additive blending.",
      "path": "#",
      "posted": "2015.11.12",
      "update": "",
      "color": "white"
    }
  }
}
